duration_seconds,chunks_processed,score_slope,max_score_so_far,avg_score_so_far,caller_report_count,community_report_count,label
333.201915,96,1.798219,99.539486,69.822979,6,4,2
58.402414,25,-0.157832,5.118232,2.486404,0,0,0
104.186144,25,0.153344,9.593312,17.166721,0,0,0
354.907641,105,2.637198,72.154664,60.649535,10,5,2
76.409885,6,0.199908,50.181240,57.807525,2,1,1
209.697628,110,0.182706,69.881386,63.168001,3,0,1
225.563089,71,0.458709,49.952678,49.256442,2,0,1
139.826351,75,0.963719,66.133115,56.827838,1,2,1
240.874504,76,0.355541,99.801055,66.516752,9,1,2
91.286563,9,0.623453,46.675575,37.302798,0,1,1
133.096491,18,0.521087,33.201971,58.213207,0,1,1
13.876658,12,0.039382,23.133851,3.902790,0,0,0
357.285577,88,0.359618,70.497394,95.716468,7,3,2
36.809676,91,1.124762,56.864512,37.506335,2,1,1
46.671500,49,1.776962,78.842656,82.208463,10,5,2
180.443554,67,1.213778,69.383123,39.529130,4,2,1
30.406911,147,1.569602,84.685060,68.656861,5,3,2
24.355535,35,-0.000516,3.123583,13.361789,0,0,0
110.047227,102,1.074014,41.957746,51.612810,2,1,1
129.878114,22,0.025349,17.356012,5.215331,0,0,0
27.897274,20,-0.210065,18.049709,5.361985,0,0,0
26.849234,9,0.256145,26.371635,24.530126,0,0,0
19.417220,16,-0.217971,17.960883,17.656434,0,0,0
111.201982,98,1.442283,85.482634,67.815368,2,1,2
163.036267,126,1.698365,91.593476,75.866300,8,5,2
358.251577,83,1.969034,94.439153,92.004713,4,4,2
26.386464,36,0.023466,7.463811,9.037002,0,0,0
90.493198,64,-0.051059,16.058155,12.094964,0,0,0
250.542457,21,0.762418,61.304964,59.804594,4,2,1
235.493886,12,2.254725,76.358638,92.875116,8,3,2
169.362791,8,1.011778,39.542113,61.976354,1,0,1
124.716506,76,0.540540,38.705141,51.532250,3,0,1
212.957462,163,0.957643,70.901637,59.877086,3,1,2
199.025427,6,0.883758,64.428763,33.284113,1,2,1
43.283734,144,1.429118,96.774631,85.734363,4,5,2
173.036488,29,1.079750,30.180005,48.585174,1,2,1
234.309299,145,0.740584,93.188122,90.075153,4,2,2
331.152306,146,0.859154,84.094027,85.073291,7,5,2
43.961861,10,0.232475,21.315992,18.996632,0,0,0
134.819759,140,0.421603,80.394360,55.780400,2,4,2
167.270420,12,0.098637,11.365485,15.591056,0,0,0
255.447101,85,0.783852,32.180013,52.652359,0,0,1
140.991677,64,1.072419,50.191659,64.382090,3,0,1
43.393893,23,0.216443,28.239314,13.517047,0,0,0
143.195240,96,0.769512,67.249449,32.789344,3,0,1
102.323659,63,0.642970,34.634269,30.882366,4,2,1
248.237323,81,0.627093,43.134448,49.417392,4,2,1
13.674054,22,0.245775,26.196341,5.225729,0,0,0
155.087389,72,2.130119,91.934079,87.101365,6,5,2
113.303976,22,1.057457,92.944107,90.945143,8,5,2
264.380916,26,2.448980,80.179664,76.764866,9,4,2
32.467358,77,0.300869,51.003532,34.550052,3,0,1
137.945195,110,0.267112,66.284145,29.785964,0,1,1
160.055304,66,0.664661,74.886145,83.067045,2,2,2
31.682325,51,0.893640,55.350791,67.272238,1,2,1
256.925255,2,1.191434,34.739143,62.021347,3,2,1
64.522982,98,2.519536,95.967176,87.721995,6,1,2
150.192912,26,-0.163677,26.866203,5.807230,0,0,0
255.251927,81,2.657719,75.353253,63.181222,3,5,2
147.402750,3,-0.059717,27.728284,8.691110,0,0,0
161.830591,50,0.217030,7.255245,12.734583,0,0,0
42.780621,101,0.386734,43.365202,34.919778,3,0,1
256.674239,59,0.607968,69.116679,44.463040,0,2,1
109.740840,18,1.766469,95.483060,55.194397,7,2,2
86.565609,40,0.306059,19.384358,20.923517,0,0,0
269.310496,31,2.049419,92.157412,68.003280,3,5,2
202.496214,77,0.198644,31.637878,59.093725,1,2,1
38.293762,37,0.618959,39.023715,50.898317,2,1,1
97.173646,29,0.638237,53.457807,47.731599,0,0,1
236.317682,12,0.084799,39.633122,33.720875,4,2,1
35.893057,40,0.017694,12.287573,8.934778,0,0,0
91.109184,32,0.594546,89.587664,94.169327,7,4,2
322.898459,123,1.297112,79.573975,79.958386,7,3,2
159.938641,2,0.609182,50.905271,58.556936,2,2,1
172.880923,89,0.436023,98.793236,59.223110,4,1,2
132.801090,65,0.027126,6.354338,13.524030,0,0,0
150.697299,22,0.204853,11.572201,24.326055,0,0,0
127.690845,126,1.241006,82.145649,86.160614,2,4,2
83.966500,21,0.345425,26.075286,19.217984,0,0,0
141.572528,52,0.265159,20.828937,4.166079,0,0,0
137.363101,151,1.620901,92.269538,79.220537,10,4,2
60.841760,113,0.415646,47.116129,52.439502,1,1,1
64.140968,112,0.660023,46.161376,46.966749,0,0,1
135.468948,117,0.990897,55.456334,50.896526,2,0,1
201.675922,136,1.329107,72.822159,91.475913,7,2,2
180.095088,102,1.015270,51.308891,53.316705,0,0,1
35.709320,24,1.162953,47.928293,40.301403,0,1,1
96.689074,50,0.795839,85.660369,74.205082,6,2,2
98.248464,104,0.639573,96.883662,59.116221,10,2,2
182.053970,147,0.711090,71.421221,60.666420,8,1,2
219.841888,52,0.600258,47.692565,40.077096,1,1,1
186.018711,105,1.172513,75.317065,82.801856,10,5,2
191.460502,68,0.827538,56.097322,40.648566,1,2,1
236.624306,41,0.965039,40.821398,42.567681,2,0,1
36.058334,75,-0.142439,18.183335,22.114927,0,0,0
287.591775,81,0.974837,79.674713,64.941797,9,5,2
207.584125,52,0.875198,58.216255,43.513668,1,2,1
142.387654,72,0.180134,14.132761,8.261556,0,0,0
135.071709,138,2.268112,88.022018,63.870584,6,3,2
99.038001,71,0.250075,3.402970,23.271363,0,0,0
280.279338,123,1.356254,85.437492,55.511265,10,1,2
50.173073,59,0.552330,60.972857,54.849257,3,2,1
173.522603,29,0.169824,9.178489,24.291057,0,0,0
205.366558,128,1.075953,98.426068,70.019755,7,4,2
66.076406,53,-0.187958,17.866403,5.923638,0,0,0
168.613948,59,0.030429,23.188613,2.410246,0,0,0
155.078522,3,-0.215018,9.597365,8.752656,0,0,0
32.279818,35,0.306538,12.734611,8.921820,0,0,0
168.193294,20,0.193607,44.596774,66.337167,0,2,1
193.982477,155,0.672481,80.961354,57.753833,5,2,2
35.992979,12,0.905073,96.216655,65.400245,7,4,2
71.469071,25,2.635399,84.460923,94.081427,3,1,2
108.467327,72,-0.143936,25.128586,19.445949,0,0,0
219.707737,34,2.032114,87.856385,71.087133,10,3,2
71.880292,99,2.462913,86.086012,80.493473,10,1,2
128.796486,112,0.929293,79.674770,61.373104,5,5,2
136.105887,156,1.809510,83.950424,71.418501,6,3,2
122.525808,19,0.084219,23.165252,17.279211,0,0,0
247.585624,65,0.743621,57.991038,53.969326,1,1,1
93.059288,10,0.147719,27.801828,8.588263,0,0,0
278.147830,163,1.648056,78.536226,91.776869,5,2,2
233.353514,56,0.257753,33.668840,35.341329,3,1,1
233.872664,88,1.155269,50.145317,48.811005,1,2,1
34.462575,25,-0.241638,8.200713,5.031911,0,0,0
129.683618,85,1.349863,70.049821,59.594885,5,3,2
110.782846,45,0.737010,98.200570,91.407542,2,4,2
15.239032,51,0.012030,7.793786,11.396159,0,0,0
51.872022,74,0.920859,33.379729,65.437593,3,0,1
151.555293,38,0.170159,10.433899,21.141975,0,0,0
107.109551,4,-0.000243,3.329861,10.593125,0,0,0
214.465952,70,0.820980,61.159854,33.382088,3,2,1
225.760153,54,0.931545,37.721660,38.830350,0,0,1
17.446640,44,0.159829,22.108578,24.252724,0,0,0
146.809941,67,-0.077003,20.427379,5.214307,0,0,0
100.230830,61,0.270643,18.283893,11.489146,0,0,0
84.552737,17,0.734749,95.557995,78.953342,4,3,2
32.086656,55,-0.113854,20.084978,12.054494,0,0,0
200.819290,108,1.042608,64.261921,42.890463,0,2,1
181.226474,136,0.715584,88.968484,71.110023,3,1,2
43.984394,31,-0.245583,23.246958,17.291570,0,0,0
161.434723,18,0.061315,10.530084,19.756286,0,0,0
114.270263,45,0.442995,45.178563,55.429734,1,0,1
75.586972,3,0.837523,31.446508,28.217193,4,0,1
132.308703,53,0.126385,17.770645,16.946472,0,0,0
122.482415,71,-0.025805,4.550600,19.176161,0,0,0
222.486213,7,1.248926,56.627389,54.005001,0,1,1
92.731916,76,0.044424,27.321314,15.149745,0,0,0
66.828122,12,1.272811,71.815854,83.625779,6,2,2
28.554479,64,0.247657,23.514061,7.350737,0,0,0
97.451131,75,0.405536,99.376739,70.462932,8,5,2
43.364951,92,0.489930,51.581097,41.538259,4,2,1
123.471488,14,2.250739,93.514723,72.973837,7,5,2
88.278171,113,0.758091,33.801968,52.646628,0,0,1
54.618288,1,-0.105418,5.314464,21.115591,0,0,0
87.162470,42,-0.108003,22.142386,20.781082,0,0,0
73.611287,48,0.005529,19.602138,21.952285,0,0,0
333.819733,29,1.169329,71.503201,69.038551,2,4,2
86.043514,101,0.815106,55.965962,54.808130,4,2,1
165.016193,5,2.594915,84.029208,63.066429,7,2,2
66.250679,115,1.173353,47.516161,43.332793,0,0,1
212.668477,105,1.300800,90.328623,84.756555,8,3,2
97.559712,72,0.311626,6.444411,3.032944,0,0,0
135.321643,157,2.092832,83.832983,82.058003,7,3,2
117.148041,56,-0.032912,4.366548,4.714136,0,0,0
29.470113,62,0.151042,14.719598,15.000430,0,0,0
175.855800,35,0.206684,23.223736,4.946614,0,0,0
140.049806,46,0.082148,17.098593,8.990852,0,0,0
125.201975,77,0.053798,20.745086,15.365682,0,0,0
79.085766,34,-0.149816,2.613226,4.071101,0,0,0
33.857732,2,0.001469,28.088262,15.708979,0,0,0
148.271260,65,1.079087,48.511975,43.403580,3,1,1
212.456424,54,0.582747,95.373909,80.287003,5,3,2
49.136378,19,0.082911,12.014902,21.085164,0,0,0
222.349987,110,0.717163,63.562789,67.612867,4,1,1
214.221686,116,0.976530,57.924831,61.519209,4,1,1
156.303208,25,0.801215,44.426293,48.509570,2,2,1
209.861189,56,0.186925,59.296540,45.603548,4,1,1
33.055728,156,0.801973,70.938505,59.535808,8,4,2
76.917178,14,-0.059205,15.622208,22.125114,0,0,0
133.589084,9,0.211188,4.909006,23.068272,0,0,0
345.116469,124,0.587419,92.605137,91.122478,4,2,2
115.721539,6,0.108438,34.371292,55.012225,3,2,1
35.830698,54,1.872897,80.298774,72.235653,6,5,2
121.667077,119,0.806999,37.100263,41.554225,4,0,1
44.907129,5,2.652398,89.575576,75.315769,6,5,2
207.955757,2,0.937318,62.034864,29.958548,4,2,1
225.964081,43,0.694925,90.792863,62.090701,3,4,2
200.828302,50,1.621390,86.097040,72.817086,6,2,2
91.788852,143,2.313939,92.248439,74.219131,10,5,2
296.452430,123,2.746984,78.890862,71.725620,6,1,2
65.390311,13,-0.027724,14.678007,6.357841,0,0,0
309.337917,47,0.780781,82.407038,73.444231,3,2,2
157.188405,88,1.173368,61.212060,47.174783,0,1,1
255.475258,83,0.897807,79.922072,93.145769,6,1,2
120.692267,95,0.800225,72.544348,69.019004,9,3,2
49.508433,28,1.012472,66.988067,60.903324,2,0,1
167.217433,40,0.083119,19.117328,4.435640,0,0,0
58.041986,77,0.755910,57.443855,28.492107,0,1,1
85.380414,30,-0.113657,16.973789,3.467797,0,0,0
154.692377,43,-0.141101,8.392112,7.735914,0,0,0
